Locus_ID	Gene	Disease_ID	criTRia	Labcorp	Orphanet	Ambry	PanelApp	G2P	ClinGen	Lab MM	Illumina	Myriad	Conflict_vs_criTRia	Conflict_within_GenCC
OPDM5_ABCD3	ABCD3	OPDM5	Moderate	Uncurated	Uncurated	Uncurated	Uncurated	Uncurated	Uncurated	Uncurated	Uncurated	Uncurated	FALSE	FALSE
FRA2A_AFF3	AFF3	FRA2A	Definitive	Uncurated	Uncurated	Uncurated	Uncurated	Moderate	Uncurated	Uncurated	Uncurated	Uncurated	FALSE	FALSE
EIEE1_ARX	ARX	EIEE1	Definitive	Uncurated	Supportive	Moderate	Strong	Uncurated	Definitive	Uncurated	Uncurated	Uncurated	FALSE	FALSE
PRTS_ARX	ARX	PRTS	Definitive	Uncurated	Supportive	Uncurated	Uncurated	Definitive	Definitive	Uncurated	Uncurated	Uncurated	FALSE	FALSE
DRPLA_ATN1	ATN1	DRPLA	Definitive	Strong	Supportive	Uncurated	Uncurated	Uncurated	Definitive	Uncurated	Uncurated	Uncurated	FALSE	FALSE
SCA1_ATXN1	ATXN1	SCA1	Definitive	Strong	Supportive	Moderate	Uncurated	Uncurated	Uncurated	Uncurated	Uncurated	Uncurated	FALSE	FALSE
SCA10_ATXN10	ATXN10	SCA10	Definitive	Strong	Supportive	Uncurated	Uncurated	Uncurated	Uncurated	Uncurated	Uncurated	Uncurated	FALSE	FALSE
SCA3_ATXN3	ATXN3	SCA3	Definitive	Strong	Supportive	Strong	Uncurated	Uncurated	Uncurated	Definitive	Uncurated	Uncurated	FALSE	FALSE
SCA7_ATXN7	ATXN7	SCA7	Definitive	Strong	Supportive	Moderate	Uncurated	Definitive	Uncurated	Uncurated	Uncurated	Uncurated	FALSE	FALSE
SCA8_ATXN8OS	ATXN8OS	SCA8	Definitive	Uncurated	Supportive	Moderate	Uncurated	Uncurated	Uncurated	Uncurated	Uncurated	Uncurated	FALSE	FALSE
SCA31_BEAN1	BEAN1	SCA31	Definitive	Strong	Supportive	Limited	Uncurated	Uncurated	Uncurated	Uncurated	Uncurated	Uncurated	TRUE	TRUE
SCA6_CACNA1A	CACNA1A	SCA6	Definitive	Strong	Supportive	Strong	Strong	Uncurated	Uncurated	Uncurated	Uncurated	Uncurated	FALSE	FALSE
JBS_CBL	CBL	JBS	Definitive	Uncurated	Uncurated	Uncurated	Uncurated	Uncurated	Uncurated	Uncurated	Uncurated	Uncurated	FALSE	FALSE
DM2_CNBP	CNBP	DM2	Definitive	Strong	Supportive	Uncurated	Uncurated	Definitive	Uncurated	Uncurated	Uncurated	Uncurated	FALSE	FALSE
EPM_CSNK1E	CSNK1E	EPM	Limited	Uncurated	Uncurated	Uncurated	Uncurated	Uncurated	Uncurated	Uncurated	Uncurated	Uncurated	FALSE	FALSE
SCA37_DAB1	DAB1	SCA37	Strong	Limited	Supportive	Uncurated	Strong	Uncurated	Uncurated	Uncurated	Uncurated	Uncurated	TRUE	TRUE
FRA12A_DIP2B	DIP2B	FRA12A	Contradictory	No Known	Uncurated	Limited	Uncurated	Limited	Uncurated	Uncurated	Uncurated	Uncurated	FALSE	FALSE
DMD_DMD	DMD	DMD	Contradictory	Strong	Supportive	Definitive	Strong	Definitive	Definitive	Uncurated	Uncurated	Definitive	TRUE	FALSE
DM1_DMPK	DMPK	DM1	Definitive	Strong	Uncurated	Uncurated	Uncurated	Definitive	Uncurated	Uncurated	Uncurated	Uncurated	FALSE	FALSE
RCPS_EIF4A3	EIF4A3	RCPS	Definitive	Strong	Supportive	Moderate	Strong	Definitive	Uncurated	Uncurated	Uncurated	Uncurated	FALSE	FALSE
SCA27B_FGF14	FGF14	SCA27B	Definitive	Strong	Supportive	Moderate	Strong	Uncurated	Uncurated	Uncurated	Uncurated	Uncurated	FALSE	FALSE
FXS_FMR1	FMR1	FXS	Definitive	Strong	Supportive	Definitive	Strong	Definitive	Definitive	Uncurated	Uncurated	Definitive	FALSE	FALSE
FXTAS,POF1_FMR1	FMR1	FXTAS,POF1	Definitive	Strong	Supportive	Strong	Uncurated	Definitive	Uncurated	Uncurated	Uncurated	Uncurated	FALSE	FALSE
BPES_FOXL2	FOXL2	BPES	Definitive	Strong	Uncurated	Definitive	Strong	Definitive	Uncurated	Uncurated	Uncurated	Uncurated	FALSE	FALSE
OPDM2_GIPC1	GIPC1	OPDM2	Definitive	Strong	Supportive	Uncurated	Limited	Uncurated	Uncurated	Uncurated	Uncurated	Uncurated	TRUE	TRUE
HFG_HOXA13-I	HOXA13	HFG-I	Limited	Strong	Supportive	Moderate	Strong	Definitive	Definitive	Uncurated	Uncurated	Uncurated	TRUE	FALSE
HFG_HOXA13-II	HOXA13	HFG-II	Limited	Strong	Supportive	Moderate	Strong	Definitive	Definitive	Uncurated	Uncurated	Uncurated	TRUE	FALSE
HFG_HOXA13-III	HOXA13	HFG-III	Limited	Strong	Supportive	Moderate	Strong	Definitive	Definitive	Uncurated	Uncurated	Uncurated	TRUE	FALSE
SD5_HOXD13	HOXD13	SD5	Definitive	Strong	Supportive	Uncurated	Strong	Uncurated	Uncurated	Uncurated	Uncurated	Uncurated	FALSE	FALSE
HDL2_JPH3	JPH3	HDL2	Definitive	Strong	Supportive	Definitive	Uncurated	Uncurated	Uncurated	Uncurated	Uncurated	Uncurated	FALSE	FALSE
OPDM1_LRP12	LRP12	OPDM1	Strong	Uncurated	Uncurated	Strong	Uncurated	Uncurated	Moderate	Uncurated	Uncurated	Uncurated	FALSE	FALSE
FAME3_MARCHF6	MARCHF6	FAME3	Definitive	Uncurated	Supportive	Uncurated	Uncurated	Uncurated	Uncurated	Uncurated	Uncurated	Uncurated	FALSE	FALSE
CHNG3_MIR7-2	MIR7-2	CHNG3	Strong	Uncurated	Uncurated	Uncurated	Uncurated	Uncurated	Uncurated	Uncurated	Uncurated	Uncurated	FALSE	FALSE
NME_NAXE	NAXE	NME	Limited	Uncurated	Uncurated	Uncurated	Strong	Strong	Definitive	Uncurated	Uncurated	Uncurated	TRUE	FALSE
ALS1_NIPA1	NIPA	ALS1	Contradictory	Uncurated	Uncurated	Uncurated	Uncurated	Uncurated	Uncurated	Uncurated	Uncurated	Uncurated	FALSE	FALSE
SCA36_NOP56	NOP56	SCA36	Definitive	Strong	Supportive	Definitive	Uncurated	Uncurated	Uncurated	Uncurated	Uncurated	Uncurated	FALSE	FALSE
NIID_NOTCH2NLC	NOTCH2NLC	NIID	Definitive	Uncurated	Uncurated	Uncurated	Uncurated	Uncurated	Uncurated	Uncurated	Uncurated	Uncurated	FALSE	FALSE
OPML1_NUTM2B-AS1	NUTM2B-AS1	OPML1	Moderate	Uncurated	Uncurated	Uncurated	Uncurated	Uncurated	Uncurated	Uncurated	Uncurated	Uncurated	FALSE	FALSE
OPMD_PABPN1	PABPN1	OPMD	Definitive	Strong	Supportive	Definitive	Strong	Uncurated	Uncurated	Uncurated	Uncurated	Uncurated	FALSE	FALSE
MRUPAV_PLIN4	PLIN4	MRUPAV	Moderate	Uncurated	Uncurated	Moderate	Uncurated	Uncurated	Uncurated	Uncurated	Uncurated	Uncurated	FALSE	FALSE
CPEO_POLG	POLG	CPEO	Contradictory	Strong	Supportive	Definitive	Strong	Definitive	Uncurated	Uncurated	Uncurated	Uncurated	TRUE	FALSE
SCA12_PPP2R2B	PPP2R2B	SCA12	Moderate	Strong	Supportive	Moderate	Uncurated	Uncurated	Uncurated	Uncurated	Uncurated	Uncurated	FALSE	FALSE
HSAN-VIII_PRDM12	PRDM12	HSAN-VIII	Moderate	Strong	Supportive	Uncurated	Strong	Definitive	Uncurated	Uncurated	Definitive	Uncurated	FALSE	FALSE
CJD_PRNP	PRNP	CJD	Moderate	Strong	Supportive	Definitive	Strong	Uncurated	Uncurated	Uncurated	Uncurated	Uncurated	FALSE	FALSE
FAME8_RAI1	RAI1	FAME8	Limited	Uncurated	Uncurated	Uncurated	Uncurated	Uncurated	Uncurated	Uncurated	Uncurated	Uncurated	FALSE	FALSE
FAME7_RAPGEF2	RAPGEF2	FAME7	Limited	Limited	Uncurated	Uncurated	Uncurated	Uncurated	Uncurated	Uncurated	Uncurated	Uncurated	FALSE	FALSE
OPDM4_RILPL1	RILPL1	OPDM4	Moderate	Uncurated	Uncurated	Limited	Uncurated	Uncurated	Uncurated	Uncurated	Uncurated	Uncurated	TRUE	FALSE
CCD_RUNX2	RUNX2	CCD	Definitive	Strong	Supportive	Definitive	Strong	Definitive	Uncurated	Uncurated	Uncurated	Uncurated	FALSE	FALSE
FAME1_SAMD12	SAMD12	FAME1	Definitive	Strong	Supportive	Uncurated	Limited	Uncurated	Uncurated	Uncurated	Uncurated	Uncurated	TRUE	TRUE
XLID_SOX3	SOX3	XLID, PHPX	Limited	Strong	Supportive	Limited	Limited	Definitive	Moderate	Uncurated	Uncurated	Uncurated	TRUE	TRUE
FAME2_STARD7	STARD7	FAME2	Strong	Uncurated	Uncurated	Uncurated	Limited	Uncurated	Uncurated	Uncurated	Uncurated	Uncurated	TRUE	FALSE
XDP_TAF1	TAF1	XDP	Definitive	Limited	Supportive	Strong	Strong	Uncurated	Uncurated	Uncurated	Uncurated	Uncurated	TRUE	TRUE
SCA17_TBP	TBP	SCA17	Definitive	Strong	Supportive	Strong	Uncurated	Uncurated	Uncurated	Definitive	Uncurated	Uncurated	FALSE	FALSE
TOF_TBX1	TBX1	TOF	Limited	Strong	Uncurated	Definitive	Uncurated	Uncurated	Uncurated	Uncurated	Uncurated	Uncurated	TRUE	FALSE
FECD3_TCF4	TCF4	FECD3	Definitive	Uncurated	Supportive	Uncurated	Uncurated	Strong	Uncurated	Uncurated	Uncurated	Uncurated	FALSE	FALSE
SCA51_THAP11	THAP11	SCA51	Definitive	Uncurated	Uncurated	Uncurated	Uncurated	Uncurated	Uncurated	Uncurated	Uncurated	Uncurated	FALSE	FALSE
FAME6_TNRC6A	TNRC6A	FAME6	Limited	Limited	Uncurated	Uncurated	Limited	Uncurated	Uncurated	Uncurated	Uncurated	Uncurated	FALSE	FALSE
CPUM_TYMS	TYMS	CPUM	Limited	Uncurated	Uncurated	Uncurated	Uncurated	Uncurated	Uncurated	Uncurated	Uncurated	Uncurated	FALSE	FALSE
HMNR7_VWA1	VWA1	HMNR7	Definitive	Strong	Supportive	Uncurated	Strong	Uncurated	Uncurated	Uncurated	Uncurated	Uncurated	FALSE	FALSE
DBQD2_XYLT1	XYLT1	DBQD2	Moderate	Strong	Supportive	Uncurated	Strong	Strong	Uncurated	Uncurated	Uncurated	Uncurated	FALSE	FALSE
FAME4_YEATS2	YEATS2	FAME4	Limited	Uncurated	Supportive	Uncurated	Limited	Uncurated	Uncurated	Uncurated	Uncurated	Uncurated	FALSE	FALSE
SCA4_ZFHX3	ZFHX3	SCA4	Definitive	Uncurated	Uncurated	Moderate	Strong	Uncurated	Uncurated	Uncurated	Uncurated	Uncurated	FALSE	FALSE
HPE5_ZIC2	ZIC2	HPE5	Definitive	Strong	Uncurated	Definitive	Strong	Definitive	Uncurated	Uncurated	Uncurated	Uncurated	FALSE	FALSE
VACTERLX_ZIC3	ZIC3	VACTERLX	Limited	Uncurated	Uncurated	Moderate	Strong	Definitive	Uncurated	Uncurated	Uncurated	Uncurated	TRUE	FALSE
FRA7A_ZNF713	ZNF713	FRA7A	Limited	Uncurated	Uncurated	Uncurated	Uncurated	Limited	Uncurated	Uncurated	Uncurated	Uncurated	FALSE	FALSE
