Gene	Locus_ID	Submitter	Disease_Title_GenCC	Reason_for_Exclusion
ABCD3	OPDM5_ABCD3	Ambry Genetics	congenital bile acid synthesis defect 5	Excluded non-OPDM5 (e.g. peroxisomal/bile acid defect)
ABCD3	OPDM5_ABCD3	ClinGen	congenital bile acid synthesis defect 5	Excluded non-OPDM5 (e.g. peroxisomal/bile acid defect)
ABCD3	OPDM5_ABCD3	Labcorp Genetics (formerly Invitae)	congenital bile acid synthesis defect 5	Excluded non-OPDM5 (e.g. peroxisomal/bile acid defect)
ABCD3	OPDM5_ABCD3	PanelApp Australia	congenital bile acid synthesis defect 5	Excluded non-OPDM5 (e.g. peroxisomal/bile acid defect)
ARX	EIEE1_ARX	Ambry Genetics	X-linked lissencephaly with abnormal genitalia	Excluded non-EIEE1 ARX phenotype
ARX	EIEE1_ARX	Ambry Genetics	intellectual disability, X-linked, with or without seizures, ARX-related	Excluded non-EIEE1 phenotype
ARX	EIEE1_ARX	ClinGen	X-linked complex neurodevelopmental disorder	Excluded non-EIEE1 phenotype
ARX	EIEE1_ARX	Genomics England PanelApp	X-linked lissencephaly with abnormal genitalia	Excluded non-EIEE1 ARX phenotype
ARX	EIEE1_ARX	Labcorp Genetics (formerly Invitae)	X-linked lissencephaly with abnormal genitalia	Excluded non-EIEE1 ARX phenotype
ARX	EIEE1_ARX	Orphanet	corpus callosum agenesis-abnormal genitalia syndrome	Excluded non-EIEE1 phenotype
ARX	EIEE1_ARX	Orphanet	non-syndromic X-linked intellectual disability	Excluded non-EIEE1 phenotype
ARX	EIEE1_ARX	Orphanet	X-linked lissencephaly with abnormal genitalia	Excluded non-EIEE1 ARX phenotype
ARX	EIEE1_ARX	Orphanet	Partington syndrome	Excluded non-EIEE1 ARX phenotype
ARX	EIEE1_ARX	G2P	X-linked complex neurodevelopmental disorder	Excluded non-EIEE1 ARX phenotype
ARX	EIEE1_ARX	PanelApp Australia	neurodevelopmental disorder	Excluded non-EIEE1 phenotype
ARX	PRTS_ARX	Ambry Genetics	X-linked lissencephaly with abnormal genitalia	Excluded non-Partington ARX phenotype
ARX	PRTS_ARX	Ambry Genetics	intellectual disability, X-linked, with or without seizures, ARX-related	Excluded non-Partington ARX phenotype
ARX	PRTS_ARX	ClinGen	genetic developmental and epileptic encephalopathy	Excluded non-Partington ARX phenotype
ARX	PRTS_ARX	ClinGen	X-linked complex neurodevelopmental disorder	Excluded non-Partington ARX phenotype
ARX	PRTS_ARX	Genomics England PanelApp	X-linked lissencephaly with abnormal genitalia	Excluded non-Partington ARX phenotype
ARX	PRTS_ARX	Labcorp Genetics (formerly Invitae)	X-linked lissencephaly with abnormal genitalia	Excluded non-Partington ARX phenotype
ARX	PRTS_ARX	Orphanet	genetic developmental and epileptic encephalopathy	Excluded non-Partington ARX phenotype
ARX	PRTS_ARX	Orphanet	corpus callosum agenesis-abnormal genitalia syndrome	Excluded non-Partington ARX phenotype
ARX	PRTS_ARX	Orphanet	X-linked spasticity-intellectual disability-epilepsy syndrome	Excluded non-Partington ARX phenotype
ARX	PRTS_ARX	Orphanet	non-syndromic X-linked intellectual disability	Excluded non-Partington ARX phenotype
ARX	PRTS_ARX	Orphanet	X-linked lissencephaly with abnormal genitalia	Excluded non-Partington ARX phenotype
ARX	PRTS_ARX	Orphanet	infantile epileptic-dyskinetic encephalopathy	Excluded non-Partington ARX phenotype
ARX	PRTS_ARX	G2P	X-linked complex neurodevelopmental disorder	Excluded non-Partington ARX phenotype
ARX	PRTS_ARX	PanelApp Australia	developmental and epileptic encephalopathy, 1	Excluded non-Partington ARX phenotype
ARX	PRTS_ARX	PanelApp Australia	neurodevelopmental disorder	Excluded non-Partington ARX phenotype
ATN1	DRPLA_ATN1	Ambry Genetics	congenital hypotonia, epilepsy, developmental delay, and digital anomalies	Excluded non-DRPLA (e.g. CHEDDA / congenital hypotonia)
ATN1	DRPLA_ATN1	Illumina	congenital hypotonia, epilepsy, developmental delay, and digital anomalies	Excluded non-DRPLA (e.g. CHEDDA / congenital hypotonia)
ATN1	DRPLA_ATN1	Labcorp Genetics (formerly Invitae)	congenital hypotonia, epilepsy, developmental delay, and digital anomalies	Excluded non-DRPLA (e.g. CHEDDA / congenital hypotonia)
ATN1	DRPLA_ATN1	G2P	congenital hypotonia, epilepsy, developmental delay, and digital anomalies	Excluded non-DRPLA (e.g. CHEDDA / congenital hypotonia)
ATN1	DRPLA_ATN1	PanelApp Australia	congenital hypotonia, epilepsy, developmental delay, and digital anomalies	Excluded non-DRPLA (e.g. CHEDDA / congenital hypotonia)
CACNA1A	SCA6_CACNA1A	Ambry Genetics	episodic ataxia type 2	Excluded non-SCA6 CACNA1A phenotype (EA2/FHM1/DEE42)
CACNA1A	SCA6_CACNA1A	Ambry Genetics	developmental and epileptic encephalopathy, 42	Excluded non-SCA6 CACNA1A phenotype (EA2/FHM1/DEE42)
CACNA1A	SCA6_CACNA1A	Ambry Genetics	migraine, familial hemiplegic, 1	Excluded non-SCA6
CACNA1A	SCA6_CACNA1A	Genomics England PanelApp	migraine, familial hemiplegic, 1	Excluded non-SCA6
CACNA1A	SCA6_CACNA1A	Genomics England PanelApp	episodic ataxia type 2	Excluded non-SCA6 CACNA1A phenotype (EA2/FHM1/DEE42)
CACNA1A	SCA6_CACNA1A	Illumina	undetermined early-onset epileptic encephalopathy	Excluded non-SCA6 CACNA1A phenotype (EA2/FHM1/DEE42)
CACNA1A	SCA6_CACNA1A	Labcorp Genetics (formerly Invitae)	episodic ataxia type 2	Excluded non-SCA6 CACNA1A phenotype (EA2/FHM1/DEE42)
CACNA1A	SCA6_CACNA1A	Labcorp Genetics (formerly Invitae)	developmental and epileptic encephalopathy, 42	Excluded non-SCA6 CACNA1A phenotype (EA2/FHM1/DEE42)
CACNA1A	SCA6_CACNA1A	Labcorp Genetics (formerly Invitae)	migraine, familial hemiplegic, 1	Excluded non-SCA6
CACNA1A	SCA6_CACNA1A	Orphanet	episodic ataxia type 2	Excluded non-SCA6 CACNA1A phenotype (EA2/FHM1/DEE42)
CACNA1A	SCA6_CACNA1A	Orphanet	Lennox-Gastaut syndrome	Excluded non-SCA6 CACNA1A phenotype (EA2/FHM1/DEE42)
CACNA1A	SCA6_CACNA1A	Orphanet	familial or sporadic hemiplegic migraine	Excluded non-SCA6 CACNA1A phenotype (EA2/FHM1/DEE42)
CACNA1A	SCA6_CACNA1A	Orphanet	benign paroxysmal torticollis of infancy	Excluded non-SCA6 CACNA1A phenotype (EA2/FHM1/DEE42)
CACNA1A	SCA6_CACNA1A	Orphanet	undetermined early-onset epileptic encephalopathy	Excluded non-SCA6 CACNA1A phenotype (EA2/FHM1/DEE42)
CACNA1A	SCA6_CACNA1A	G2P	developmental and epileptic encephalopathy, 42	Excluded non-SCA6 CACNA1A phenotype (EA2/FHM1/DEE42)
CBL	JBS_CBL	Ambry Genetics	CBL-related disorder	Excluded non-Jacobsen CBL phenotype (e.g. Noonan-like / JMML / CBL-related)
CBL	JBS_CBL	ClinGen	CBL-related disorder	Excluded non-Jacobsen CBL phenotype (e.g. Noonan-like / JMML / CBL-related)
CBL	JBS_CBL	Genomics England PanelApp	CBL-related disorder	Excluded non-Jacobsen CBL phenotype (e.g. Noonan-like / JMML / CBL-related)
CBL	JBS_CBL	Labcorp Genetics (formerly Invitae)	juvenile myelomonocytic leukemia	Excluded non-Jacobsen CBL phenotype (e.g. Noonan-like / JMML / CBL-related)
CBL	JBS_CBL	Labcorp Genetics (formerly Invitae)	CBL-related disorder	Excluded non-Jacobsen CBL phenotype (e.g. Noonan-like / JMML / CBL-related)
CBL	JBS_CBL	Orphanet	Noonan syndrome	Excluded non-Jacobsen CBL phenotype (e.g. Noonan-like / JMML / CBL-related)
CBL	JBS_CBL	Orphanet	CBL-related disorder	Excluded non-Jacobsen CBL phenotype (e.g. Noonan-like / JMML / CBL-related)
CBL	JBS_CBL	G2P	CBL-related disorder	Excluded non-Jacobsen CBL phenotype (e.g. Noonan-like / JMML / CBL-related)
CSNK1E	EPM_CSNK1E	Ambry Genetics	genetic developmental and epileptic encephalopathy	Excluded non-EPM CSNK1E phenotype
DAB1	SCA37_DAB1	PanelApp Australia	neurodevelopmental disorder	Excluded non-SCA37
DMD	DMD_DMD	Ambry Genetics	dilated cardiomyopathy 3B	Excluded non-DMD/BMD
DMD	DMD_DMD	Orphanet	familial isolated dilated cardiomyopathy	Excluded non-DMD/BMD
DMD	DMD_DMD	Orphanet	non-syndromic X-linked intellectual disability	Excluded non-DMD/BMD
DMD	DMD_DMD	Natera	dilated cardiomyopathy 3B	Excluded non-DMD/BMD
FGF14	SCA27B_FGF14	Ambry Genetics	spinocerebellar ataxia type 27	Excluded non-SCA27B (e.g. SCA27A / SCA27 point mutations)
FGF14	SCA27B_FGF14	Ambry Genetics	autosomal recessive cerebellar ataxia	Excluded non-SCA27B (e.g. SCA27A / SCA27 point mutations)
FGF14	SCA27B_FGF14	Labcorp Genetics (formerly Invitae)	spinocerebellar ataxia 27A	Excluded non-SCA27B (e.g. SCA27A / SCA27 point mutations)
FGF14	SCA27B_FGF14	Orphanet	spinocerebellar ataxia type 27	Excluded non-SCA27B (e.g. SCA27A / SCA27 point mutations)
FGF14	SCA27B_FGF14	PanelApp Australia	spinocerebellar ataxia type 27	Excluded non-SCA27B (e.g. SCA27A / SCA27 point mutations)
FMR1	FXS_FMR1	Ambry Genetics	premature ovarian failure 1	Excluded non-FXS
FMR1	FXS_FMR1	Ambry Genetics	fragile X-associated tremor/ataxia syndrome	Excluded non-FXS
FMR1	FXS_FMR1	Labcorp Genetics (formerly Invitae)	fragile X-associated tremor/ataxia syndrome	Excluded non-FXS
FMR1	FXS_FMR1	Labcorp Genetics (formerly Invitae)	premature ovarian failure 1	Excluded non-FXS
FMR1	FXS_FMR1	Orphanet	fragile X-associated tremor/ataxia syndrome	Excluded non-FXS
FMR1	FXS_FMR1	G2P	fragile X-associated tremor/ataxia syndrome	Excluded non-FXS
FMR1	FXS_FMR1	G2P	premature ovarian failure 1	Excluded non-FXS
FMR1	FXTAS,POF1_FMR1	Ambry Genetics	fragile X syndrome	Excluded non-FXTAS/POF1
FMR1	FXTAS,POF1_FMR1	ClinGen	fragile X syndrome	Excluded non-FXTAS/POF1
FMR1	FXTAS,POF1_FMR1	Labcorp Genetics (formerly Invitae)	fragile X syndrome	Excluded non-FXTAS/POF1
FMR1	FXTAS,POF1_FMR1	Myriad Women's Health	fragile X syndrome	Excluded non-FXTAS/POF1
FMR1	FXTAS,POF1_FMR1	Orphanet	fragile X syndrome	Excluded non-FXTAS/POF1
FMR1	FXTAS,POF1_FMR1	G2P	fragile X syndrome	Excluded non-FXTAS/POF1
FMR1	FXTAS,POF1_FMR1	PanelApp Australia	fragile X syndrome	Excluded non-FXTAS/POF1
FMR1	FXTAS,POF1_FMR1	Natera	fragile X syndrome	Excluded non-FXTAS/POF1
FOXL2	BPES_FOXL2	Labcorp Genetics (formerly Invitae)	premature ovarian failure 3	Excluded non-BPES (e.g. isolated POF3)
HOXA13	HFG_HOXA13-I	Orphanet	Guttmacher syndrome	Excluded non-HFG (e.g. Guttmacher)
HOXA13	HFG_HOXA13-II	Orphanet	Guttmacher syndrome	Excluded non-HFG (e.g. Guttmacher)
HOXA13	HFG_HOXA13-III	Orphanet	Guttmacher syndrome	Excluded non-HFG (e.g. Guttmacher)
HOXD13	SD5_HOXD13	Orphanet	brachydactyly type E	Excluded non-SD5 (e.g. isolated brachydactyly type D/E)
HOXD13	SD5_HOXD13	PanelApp Australia	brachydactyly type D	Excluded non-SD5 (e.g. isolated brachydactyly type D/E)
HOXD13	SD5_HOXD13	PanelApp Australia	brachydactyly type E1	Excluded non-SD5 (e.g. isolated brachydactyly type D/E)
JPH3	HDL2_JPH3	PanelApp Australia	neurodevelopmental disorder	Excluded non-HDL2
JPH3	HDL2_JPH3	PanelApp Australia	neurodevelopmental disorder	Excluded non-HDL2
NAXE	NME_NAXE	ClinGen	Leigh syndrome	Excluded non-NME
NIPA	ALS1_NIPA1	Ambry Genetics	hereditary spastic paraplegia 6	Excluded SPG6 (non-ALS phenotype)
NIPA	ALS1_NIPA1	Labcorp Genetics (formerly Invitae)	hereditary spastic paraplegia 6	Excluded SPG6 (non-ALS phenotype)
NIPA	ALS1_NIPA1	Orphanet	hereditary spastic paraplegia 6	Excluded SPG6 (non-ALS phenotype)
NIPA	ALS1_NIPA1	PanelApp Australia	hereditary spastic paraplegia 6	Excluded SPG6 (non-ALS phenotype)
POLG	CPEO_POLG	Ambry Genetics	mitochondrial DNA depletion syndrome 4a	Excluded non-CPEO POLG phenotype (e.g. Leigh / SANDO / MNGIE / depletion syndrome 4a)
POLG	CPEO_POLG	Ambry Genetics	sensory ataxic neuropathy, dysarthria, and ophthalmoparesis	Excluded non-CPEO POLG phenotype (e.g. Leigh / SANDO / MNGIE / depletion syndrome 4a)
POLG	CPEO_POLG	ClinGen	Leigh syndrome	Excluded non-CPEO POLG phenotype (e.g. Leigh / SANDO / MNGIE / depletion syndrome 4a)
POLG	CPEO_POLG	Labcorp Genetics (formerly Invitae)	mitochondrial DNA depletion syndrome 4a	Excluded non-CPEO POLG phenotype (e.g. Leigh / SANDO / MNGIE / depletion syndrome 4a)
POLG	CPEO_POLG	Laboratory for Molecular Medicine	mitochondrial DNA depletion syndrome 4a	Excluded non-CPEO POLG phenotype (e.g. Leigh / SANDO / MNGIE / depletion syndrome 4a)
POLG	CPEO_POLG	Orphanet	mitochondrial DNA depletion syndrome 4a	Excluded non-CPEO POLG phenotype (e.g. Leigh / SANDO / MNGIE / depletion syndrome 4a)
POLG	CPEO_POLG	Orphanet	mitochondrial neurogastrointestinal encephalomyopathy	Excluded non-CPEO POLG phenotype (e.g. Leigh / SANDO / MNGIE / depletion syndrome 4a)
POLG	CPEO_POLG	Orphanet	sensory ataxic neuropathy, dysarthria, and ophthalmoparesis	Excluded non-CPEO POLG phenotype (e.g. Leigh / SANDO / MNGIE / depletion syndrome 4a)
POLG	CPEO_POLG	Orphanet	recessive mitochondrial ataxia syndrome	Excluded non-CPEO POLG phenotype (e.g. Leigh / SANDO / MNGIE / depletion syndrome 4a)
POLG	CPEO_POLG	Orphanet	spinocerebellar ataxia with epilepsy	Excluded non-CPEO POLG phenotype (e.g. Leigh / SANDO / MNGIE / depletion syndrome 4a)
POLG	CPEO_POLG	G2P	mitochondrial DNA depletion syndrome 4a	Excluded non-CPEO POLG phenotype (e.g. Leigh / SANDO / MNGIE / depletion syndrome 4a)
POLG	CPEO_POLG	G2P	sensory ataxic neuropathy, dysarthria, and ophthalmoparesis	Excluded non-CPEO POLG phenotype (e.g. Leigh / SANDO / MNGIE / depletion syndrome 4a)
POLG	CPEO_POLG	PanelApp Australia	mitochondrial DNA depletion syndrome 4a	Excluded non-CPEO POLG phenotype (e.g. Leigh / SANDO / MNGIE / depletion syndrome 4a)
POLG	CPEO_POLG	PanelApp Australia	mitochondrial DNA depletion syndrome 4b	Excluded non-CPEO POLG phenotype (e.g. Leigh / SANDO / MNGIE / depletion syndrome 4a)
POLG	CPEO_POLG	PanelApp Australia	sensory ataxic neuropathy, dysarthria, and ophthalmoparesis	Excluded non-CPEO POLG phenotype (e.g. Leigh / SANDO / MNGIE / depletion syndrome 4a)
PPP2R2B	SCA12_PPP2R2B	PanelApp Australia	neurodevelopmental disorder	Excluded non-SCA12
PRNP	CJD_PRNP	Orphanet	PrP systemic amyloidosis	Excluded non-CJD/prion phenotype
RAI1	FAME8_RAI1	Ambry Genetics	Potocki-Lupski syndrome	Excluded Smith-Magenis / Potocki-Lupski (non-FAME8)
RAI1	FAME8_RAI1	Ambry Genetics	Smith-Magenis syndrome	Excluded Smith-Magenis / Potocki-Lupski (non-FAME8)
RAI1	FAME8_RAI1	ClinGen	Smith-Magenis syndrome	Excluded Smith-Magenis / Potocki-Lupski (non-FAME8)
RAI1	FAME8_RAI1	Labcorp Genetics (formerly Invitae)	Smith-Magenis syndrome	Excluded Smith-Magenis / Potocki-Lupski (non-FAME8)
RAI1	FAME8_RAI1	Orphanet	Smith-Magenis syndrome	Excluded Smith-Magenis / Potocki-Lupski (non-FAME8)
RAI1	FAME8_RAI1	G2P	Smith-Magenis syndrome	Excluded Smith-Magenis / Potocki-Lupski (non-FAME8)
RAI1	FAME8_RAI1	PanelApp Australia	Smith-Magenis syndrome	Excluded Smith-Magenis / Potocki-Lupski (non-FAME8)
RAPGEF2	FAME7_RAPGEF2	Ambry Genetics	amyotrophic lateral sclerosis	Excluded non-FAME7 (e.g. ALS)
RUNX2	CCD_RUNX2	Ambry Genetics	metaphyseal dysplasia-maxillary hypoplasia-brachydacty syndrome	Excluded non-CCD (e.g. metaphyseal dysplasia)
RUNX2	CCD_RUNX2	Labcorp Genetics (formerly Invitae)	metaphyseal dysplasia-maxillary hypoplasia-brachydacty syndrome	Excluded non-CCD (e.g. metaphyseal dysplasia)
RUNX2	CCD_RUNX2	Orphanet	metaphyseal dysplasia-maxillary hypoplasia-brachydacty syndrome	Excluded non-CCD (e.g. metaphyseal dysplasia)
SOX3	XLID_SOX3	Ambry Genetics	46,XX ovotesticular disorder of sex development	Excluded non-PHPX SOX3 phenotype
SOX3	XLID_SOX3	Orphanet	septooptic dysplasia	Excluded SRXX3 / hypertrichosis / septooptic dysplasia
SOX3	XLID_SOX3	Orphanet	46,XX sex reversal 1	Excluded SRXX3 / hypertrichosis / septooptic dysplasia
SOX3	XLID_SOX3	Orphanet	X-linked congenital generalized hypertrichosis	Excluded SRXX3 / hypertrichosis / septooptic dysplasia
SOX3	XLID_SOX3	G2P	46,XX sex reversal 3	Excluded SRXX3 / hypertrichosis / septooptic dysplasia
TAF1	XDP_TAF1	Ambry Genetics	intellectual disability, X-linked, syndromic 33	Excluded MRX33 / intellectual disability (non-XDP)
TAF1	XDP_TAF1	Illumina	intellectual disability, X-linked, syndromic 33	Excluded MRX33 / intellectual disability (non-XDP)
TAF1	XDP_TAF1	Labcorp Genetics (formerly Invitae)	intellectual disability, X-linked, syndromic 33	Excluded MRX33 / intellectual disability (non-XDP)
TAF1	XDP_TAF1	Orphanet	X-linked intellectual disability-global development delay-facial dysmorphism-sacral caudal remnant syndrome	Excluded MRX33 / intellectual disability (non-XDP)
TAF1	XDP_TAF1	PanelApp Australia	intellectual disability, X-linked, syndromic 33	Excluded MRX33 / intellectual disability (non-XDP)
TAF1	XDP_TAF1	G2P	intellectual disability, X-linked, syndromic 33	Excluded MRX33 / intellectual disability (non-XDP)
TBX1	TOF_TBX1	Ambry Genetics	velocardiofacial syndrome	Excluded 22q11.2 deletion / DiGeorge / VCFS
TBX1	TOF_TBX1	Orphanet	22q11.2 deletion syndrome	Excluded 22q11.2 deletion / DiGeorge / VCFS
TBX1	TOF_TBX1	PanelApp Australia	DiGeorge syndrome	Excluded 22q11.2 deletion / DiGeorge / VCFS
TBX1	TOF_TBX1	G2P	DiGeorge syndrome	Excluded 22q11.2 deletion / DiGeorge / VCFS
TCF4	FECD3_TCF4	Ambry Genetics	intellectual disability	Excluded Pitt-Hopkins / non-FECD
TCF4	FECD3_TCF4	Ambry Genetics	Pitt-Hopkins syndrome	Excluded Pitt-Hopkins / non-FECD
TCF4	FECD3_TCF4	Ambry Genetics	autism spectrum disorder	Excluded Pitt-Hopkins / non-FECD
TCF4	FECD3_TCF4	ClinGen	Pitt-Hopkins syndrome	Excluded Pitt-Hopkins / non-FECD
TCF4	FECD3_TCF4	Labcorp Genetics (formerly Invitae)	Pitt-Hopkins syndrome	Excluded Pitt-Hopkins / non-FECD
TCF4	FECD3_TCF4	Orphanet	Pitt-Hopkins syndrome	Excluded Pitt-Hopkins / non-FECD
TCF4	FECD3_TCF4	Orphanet	autosomal dominant non-syndromic intellectual disability	Excluded Pitt-Hopkins / non-FECD
TCF4	FECD3_TCF4	PanelApp Australia	Pitt-Hopkins syndrome	Excluded Pitt-Hopkins / non-FECD
TCF4	FECD3_TCF4	G2P	Pitt-Hopkins syndrome	Excluded Pitt-Hopkins / non-FECD
THAP11	SCA51_THAP11	ClinGen	methylmalonic aciduria and homocystinuria	Excluded Cobalamin metabolism defect / MMA
THAP11	SCA51_THAP11	PanelApp Australia	inborn disorder of cobalamin metabolism and transport	Excluded Cobalamin metabolism defect / MMA
XYLT1	DBQD2_XYLT1	Orphanet	XYLT1-congenital disorder of glycosylation	Excluded non-DBQD2
ZFHX3	SCA4_ZFHX3	Ambry Genetics	complex neurodevelopmental disorder	Excluded non-SCA4 (e.g. complex NDD / epilepsy)
ZFHX3	SCA4_ZFHX3	Ambry Genetics	epilepsy	Excluded non-SCA4 (e.g. complex NDD / epilepsy)
ZFHX3	SCA4_ZFHX3	Broad Center for Mendelian Genomics	syndromic complex neurodevelopmental disorder	Excluded non-SCA4 (e.g. complex NDD / epilepsy)
ZFHX3	SCA4_ZFHX3	PanelApp Australia	neurodevelopmental disorder	Excluded non-SCA4 (e.g. complex NDD / epilepsy)
ZFHX3	SCA4_ZFHX3	PanelApp Australia	genetic developmental and epileptic encephalopathy	Excluded non-SCA4 (e.g. complex NDD / epilepsy)
ZIC3	VACTERLX_ZIC3	Ambry Genetics	heterotaxy, visceral, 1, X-linked	Excluded Heterotaxy 1 (HTX1)
ZIC3	VACTERLX_ZIC3	Labcorp Genetics (formerly Invitae)	heterotaxy, visceral, 1, X-linked	Excluded Heterotaxy 1 (HTX1)
ZIC3	VACTERLX_ZIC3	G2P	heterotaxy, visceral, 1, X-linked	Excluded Heterotaxy 1 (HTX1)
ZIC3	VACTERLX_ZIC3	PanelApp Australia	heterotaxy, visceral, 1, X-linked	Excluded Heterotaxy 1 (HTX1)
ZIC3	VACTERLX_ZIC3	ClinGen	congenital heart disease with heterotaxy syndrome	Excluded Heterotaxy 1 (HTX1)
ZNF713	FRA7A_ZNF713	G2P	autism	Excluded non-FRA7A (e.g. autism)
