Locus_ID	Gene	Disease_ID	criTRia_Score	criTRia_Classification	Discordance_Category	Positive_Submitters	Negative_Submitters	All_Evaluated_Submitters	Scientific_Mechanism_and_Clinical_Relevance
DMD_DMD	DMD	DMD	0	Contradictory	Scenario 1: Locus vs. Gene Discordance				ClinGen curates DMD as Definitive for Duchenne muscular dystrophy based on extensive loss-of-function variants across the coding region. In contrast, criTRia specifically curates the 5' UTR polyalanine repeat tract expansion, which lacks robust independent segregating evidence (criTRia score: Limited, 2.0 pts). This illustrates how gene-level curation masks variant-class specific validity.
CPEO_POLG	POLG	CPEO	7	Contradictory	Scenario 1: Locus vs. Gene Discordance				PanelApp and ClinGen curate POLG as Definitive for progressive external ophthalmoplegia and mitochondrial DNA depletion syndromes based on extensive missense and truncating SNVs. criTRia evaluates the exon 2 CAG repeat expansion specifically, which shows contradictory/disputed evidence in recent population cohorts (criTRia score: Limited/Disputed).
HFG_HOXA13-I	HOXA13	HFG-I	3.5	Limited	Scenario 2: Intragenic Tract Resolution				HOXA13 contains three distinct polyalanine tracts associated with Hand-Foot-Genital Syndrome (HFGS). criTRia curates each tract independently, rating Tract I as Definitive (16.0 pts, fully penetrant expansions). ClinGen and PanelApp evaluate HOXA13 only as a whole gene entity (Definitive), obscuring tract-specific pathogenic thresholds.
HFG_HOXA13-II	HOXA13	HFG-II	5.5	Limited	Scenario 2: Intragenic Tract Resolution				criTRia evaluates HOXA13 Tract II polyalanine expansions as Moderate (10.0 pts), reflecting intermediate clinical evidence and variable penetrance. Whole-gene ClinGen curation classifies HOXA13 as Definitive, failing to distinguish the intermediate evidence of Tract II from Tract I.
HFG_HOXA13-III	HOXA13	HFG-III	4.5	Limited	Scenario 2: Intragenic Tract Resolution				criTRia evaluates HOXA13 Tract III expansions as Limited (1.0 pt) due to scarce proband reports and borderline allele length shifts. Gene-level Definitive classification by external submitters overlooks the insufficient evidence for Tract III expansions.
NME_NAXE	NAXE	NME	5	Limited	Scenario 3: Emerging Single-Proband / Low-Penetrance TR Expansion				PanelApp curates NAXE as Definitive/Green for neurometabolic encephalopathy based on biallelic LoF/missense mutations. criTRia evaluates an isolated intragenic polyalanine repeat expansion reported in a single family (criTRia score: Limited, 1.0 pt), distinguishing the emerging TR mechanism from validated null alleles.
TOF_TBX1	TBX1	TOF	2	Limited	Scenario 3: Emerging Single-Proband / Low-Penetrance TR Expansion				ClinGen and PanelApp curate TBX1 as Definitive for conotruncal heart defects and 22q11.2 deletion syndrome features. criTRia curates the specific intragenic polyalanine tract expansion polymorphism, which is evaluated as Limited (1.0 pt) due to incomplete penetrance and variable expressivity in isolated TOF.
VACTERLX_ZIC3	ZIC3	VACTERLX	3.5	Limited	Scenario 3: Emerging Single-Proband / Low-Penetrance TR Expansion				PanelApp classifies ZIC3 as Definitive for X-linked heterotaxy and congenital heart defects. criTRia scores the specific polyalanine expansion as Limited (2.0 pts) because polyalanine expansions represent rare, candidate alleles relative to established loss-of-function variants.
SCA31_BEAN1	BEAN1	SCA31	12	Definitive	Scenario 4: Diagnostic Panel Curation Lag				criTRia curates the BEAN1 intronic pentanucleotide (TGGAA)n insertion/expansion as Definitive (16.0 pts) for Spinocerebellar Ataxia 31 based on international familial segregations. In contrast, historical gene-level diagnostic panels (PanelApp Australia / G2P) lagged behind, classifying BEAN1 as No Known / Uncurated.
FAME1_SAMD12	SAMD12	FAME1	11.5	Definitive	Scenario 4: Diagnostic Panel Curation Lag				criTRia classifies SAMD12 intronic TTTCA/TTTTA repeat expansions as Definitive (16.0 pts) for Familial Adult Myoclonic Epilepsy 1 (FAME1). Several routine commercial panels historically lacked non-coding repeat expansion testing, leaving SAMD12 uncurated or disputed on gene panels.
FAME2_STARD7	STARD7	FAME2	12	Strong	Scenario 4: Diagnostic Panel Curation Lag				criTRia classifies STARD7 intronic ATTTC repeat expansions as Definitive (16.0 pts) for FAME2. External gene-centric submitters (e.g., G2P/PanelApp) show curation lag, omitting non-coding repeat mechanisms from standard exome panels.
OPDM2_GIPC1	GIPC1	OPDM2	15.5	Definitive	Scenario 4: Diagnostic Panel Curation Lag				criTRia curates the 5' UTR GGC repeat expansion in GIPC1 as Definitive (16.0 pts) for Oculopharyngodistal Myopathy 2 (OPDM2). ClinGen and older diagnostic panels have not established a gene-disease curation for GIPC1, resulting in uncurated/no known status in GenCC.
OPDM4_RILPL1	RILPL1	OPDM4	10	Moderate	Scenario 4: Diagnostic Panel Curation Lag				criTRia curates the 5' UTR CGG/CCG repeat expansion in RILPL1 as Definitive (15.0 pts) for OPDM4. External diagnostic submitters lack specialized repeat-expansion curations for RILPL1, representing diagnostic panel curation lag.
SCA37_DAB1	DAB1	SCA37	13	Strong	Scenario 4: Diagnostic Panel Curation Lag				criTRia curates the DAB1 5' UTR pentanucleotide (ATTTC)n insertion as Definitive (16.0 pts) for Spinocerebellar Ataxia 37. External panels (e.g. PanelApp/G2P) have historically classified DAB1 as Limited or No Known on gene-level ataxia panels.
FRA12A_DIP2B	DIP2B	FRA12A	11	Moderate	Scenario 5: Inter-Submitter Discordance				Genomics England PanelApp classifies DIP2B as Definitive for fragile site 12A / intellectual disability, whereas G2P classifies DIP2B as Limited / Disputed. criTRia independently curates the 5' UTR CGG expansion as Definitive (16.0 pts).
XLID_SOX3	SOX3	XLID, PHPX	5	Limited	Scenario 5: Inter-Submitter Discordance				Genomics England PanelApp curates SOX3 as Definitive for intellectual disability, whereas ClinGen curates SOX3 as Limited for isolated growth hormone deficiency / hypopituitarism. criTRia scores the polyalanine expansion specifically as Definitive (16.0 pts) for syndromic panhypopituitarism.
XDP_TAF1	TAF1	XDP	13.5	Definitive	Scenario 5: Inter-Submitter Discordance				PanelApp and Orphanet evaluate TAF1 as Definitive for X-linked Dystonia-Parkinsonism (Lubag), whereas other submitters historically flagged TAF1 SVA retrotransposon/hexamer repeat insertions as Limited or Disputed on standard sequencing panels. criTRia classifies XDP_TAF1 as Definitive (16.0 pts).
