Gene	Locus_ID	Disease_Phenotype	GenCC_Scores	criTRia_Classification	Total_Score	Genetic_Score	Experimental_Score	Discordance_Scenario	Rationale
BEAN1	SCA31_BEAN1	SCA31	Ambry: Limited; Labcorp: Strong; Orphanet: Supportive	Definitive	12	9	3	Complex Pentanucleotide Insertion vs. Ambry Limited	BEAN1 intronic complex pentanucleotide insertion is Definitive for SCA31 (criTRia: Definitive, Labcorp: Strong), whereas Ambry classified it as Limited.
DAB1	SCA37_DAB1	SCA37	Labcorp: Limited; Orphanet: Supportive; PanelApp: Strong	Strong	13	8.5	4.5	Noncoding Pentanucleotide Insertion vs. Labcorp Limited	DAB1 intronic ATTTC insertion is Strong in criTRia and PanelApp with animal models and segregation, but Labcorp classified it as Limited.
DIP2B	FRA12A_DIP2B	FRA12A	Ambry: Limited; G2P: Limited; Labcorp: No Known	Moderate	11	9.5	1.5	TR Locus Classification Discordance Among Submitters	DIP2B CGG repeat expansion is evaluated as Moderate in criTRia with functional and multi-cohort evidence, but external submitters have discordant assessments (Ambry/G2P: Limited; Labcorp: No Known Disease Relationship).
DMD	DMD_DMD	DMD	Ambry: Definitive; ClinGen: Definitive; G2P: Definitive; Labcorp: Strong; Myriad: Definitive; Orphanet: Supportive; PanelApp: Strong	Contradictory	0	0	0	Locus vs. Gene Discordance (LoF vs. Non-pathogenic Repeat)	DMD loss-of-function SNVs/deletions are Definitive causes of Duchenne/Becker muscular dystrophy in GenCC, but the specific intronic GAA repeat expansion is Refuted / Contradictory due to high allele frequency in healthy population controls.
GIPC1	OPDM2_GIPC1	OPDM2	Labcorp: Strong; Orphanet: Supportive; PanelApp: Limited	Definitive	15.5	9.5	6	Recently Identified TR Locus vs. PanelApp Limited	GIPC1 5' UTR CGG expansion is Definitively established for OPDM2 with strong cohort and functional rescue data (criTRia: Definitive, Labcorp: Strong), whereas PanelApp assigned Limited.
HOXA13	HFG_HOXA13-I	HFG-I	Ambry: Moderate; ClinGen: Definitive; G2P: Definitive; Labcorp: Strong; Orphanet: Supportive; PanelApp: Strong	Limited	3.5	0	3.5	Gene-Level Definitive vs. Specific Polyalanine Tract Locus Resolution	HOXA13 gene disruptions are Definitive for Hand-Foot-Genital syndrome, but criTRia curates each individual polyalanine tract separately; this specific tract (HFG-I) currently has Limited published proband/family replication.
HOXA13	HFG_HOXA13-II	HFG-II	Ambry: Moderate; ClinGen: Definitive; G2P: Definitive; Labcorp: Strong; Orphanet: Supportive; PanelApp: Strong	Limited	5.5	3	2.5	Gene-Level Definitive vs. Specific Polyalanine Tract Locus Resolution	HOXA13 gene disruptions are Definitive for Hand-Foot-Genital syndrome, but criTRia curates each individual polyalanine tract separately; this specific tract (HFG-II) currently has Limited published proband/family replication.
HOXA13	HFG_HOXA13-III	HFG-III	Ambry: Moderate; ClinGen: Definitive; G2P: Definitive; Labcorp: Strong; Orphanet: Supportive; PanelApp: Strong	Limited	4.5	2	2.5	Gene-Level Definitive vs. Specific Polyalanine Tract Locus Resolution	HOXA13 gene disruptions are Definitive for Hand-Foot-Genital syndrome, but criTRia curates each individual polyalanine tract separately; this specific tract (HFG-III) currently has Limited published proband/family replication.
NAXE	NME_NAXE	NME	ClinGen: Definitive; G2P: Strong; PanelApp: Strong	Limited	5	2	3	Gene-Level Definitive vs. Single-Patient TR Locus Expansion	NAXE coding LoF mutations are Definitive/Strong for autosomal recessive mitochondrial neurometabolic encephalopathy, whereas the biallelic promoter GGGCC expansion has only been reported in a single proband to date, yielding Limited locus evidence in criTRia.
POLG	CPEO_POLG	CPEO	Ambry: Definitive; G2P: Definitive; Labcorp: Strong; Orphanet: Supportive; PanelApp: Strong	Contradictory	7	6	1	Locus vs. Gene Discordance (Coding SNV vs. Disputed Repeat)	POLG point mutations and deletions are Definitive causes of progressive external ophthalmoplegia (CPEO), but evidence for the noncoding/CAG repeat causing CPEO is disputed/lacking locus-specific causality.
RILPL1	OPDM4_RILPL1	OPDM4	Ambry: Limited	Moderate	10	7.5	2.5	Recently Identified TR Locus vs. External Uncurated/Limited	RILPL1 5' UTR CGG expansion is Moderate in criTRia with multiple families and characteristic pathology, but Ambry evaluated it as Limited.
SAMD12	FAME1_SAMD12	FAME1	Labcorp: Strong; Orphanet: Supportive; PanelApp: Limited	Definitive	11.5	10	1.5	Emerging TR Mechanism vs. Lagging Clinical Panel Inclusion	FAME1_SAMD12 noncoding repeat expansions are well-established causes of familial adult myoclonic epilepsy (criTRia: Definitive/Strong, Labcorp: Strong), but received Limited classification in PanelApp due to recent discovery or jurisdictional panel criteria.
SOX3	XLID_SOX3	XLID, PHPX	Ambry: Limited; ClinGen: Moderate; G2P: Definitive; Labcorp: Strong; Orphanet: Supportive; PanelApp: Limited	Limited	5	3	2	Gene-Level Strong/Definitive vs. Variable/Limited Locus Evidence & Submitter Discordance	SOX3 coding alterations are Strong/Definitive for X-linked panhypopituitarism across several groups (G2P, Labcorp, ClinGen Moderate), but polyalanine repeat tract mutations have limited isolated case reports with conflicting interpretations across submitters (Ambry/PanelApp: Limited; G2P: Definitive; Labcorp: Strong).
STARD7	FAME2_STARD7	FAME2	PanelApp: Limited	Strong	12	12	0	Emerging TR Mechanism vs. Lagging Clinical Panel Inclusion	FAME2_STARD7 noncoding repeat expansions are well-established causes of familial adult myoclonic epilepsy (criTRia: Definitive/Strong, Labcorp: Strong), but received Limited classification in PanelApp due to recent discovery or jurisdictional panel criteria.
TAF1	XDP_TAF1	XDP	Ambry: Strong; Labcorp: Limited; Orphanet: Supportive; PanelApp: Strong	Definitive	13.5	9.5	4	TR Locus vs. Submitter Outlier Assessment	TAF1 SVA retrotransposon hexamer expansion is the Definitive causal mechanism for X-linked dystonia-parkinsonism (criTRia: Definitive, Ambry/PanelApp: Strong, G2P: Definitive), but Labcorp classified it as Limited in an earlier assessment.
TBX1	TOF_TBX1	TOF	Ambry: Definitive; Labcorp: Strong	Limited	2	1	1	Gene-Level Definitive vs. Rare Single-Proband TR Locus	TBX1 is Definitively associated with conotruncal heart defects (Ambry: Definitive, Labcorp: Strong), but the specific polyalanine expansion locus was observed in only one ToF proband, classified as Limited in criTRia.
ZIC3	VACTERLX_ZIC3	VACTERLX	Ambry: Moderate; G2P: Definitive; PanelApp: Strong	Limited	3.5	3.5	0	Gene-Level Definitive/Strong vs. Limited Polyalanine Locus Evidence	ZIC3 gene disruptions are Definitive/Strong for X-linked VACTERL association across external groups (G2P: Definitive, PanelApp: Strong, Ambry: Moderate), whereas evidence specifically for the N-terminal polyalanine tract expansion is Limited.
