Gene	Group	categorical_score
ALS1_NIPA1	criTRia	Contradictory
BPES_FOXL2	criTRia	Definitive
BPES_FOXL2	Ambry	Definitive
BPES_FOXL2	G2P	Definitive
BPES_FOXL2	Labcorp	Strong
BPES_FOXL2	PanelApp	Strong
CCD_RUNX2	criTRia	Definitive
CCD_RUNX2	Ambry	Definitive
CCD_RUNX2	G2P	Definitive
CCD_RUNX2	Labcorp	Strong
CCD_RUNX2	Orphanet	Supportive
CCD_RUNX2	PanelApp	Strong
CHNG3_MIR7-2	criTRia	Strong
CJD_PRNP	criTRia	Moderate
CJD_PRNP	Ambry	Definitive
CJD_PRNP	Labcorp	Strong
CJD_PRNP	Orphanet	Supportive
CJD_PRNP	PanelApp	Strong
CPEO_POLG	criTRia	Contradictory
CPEO_POLG	Ambry	Definitive
CPEO_POLG	G2P	Definitive
CPEO_POLG	Labcorp	Strong
CPEO_POLG	Orphanet	Supportive
CPEO_POLG	PanelApp	Strong
CPUM_TYMS	criTRia	Limited
DBQD2_XYLT1	criTRia	Moderate
DBQD2_XYLT1	G2P	Strong
DBQD2_XYLT1	Labcorp	Strong
DBQD2_XYLT1	Orphanet	Supportive
DBQD2_XYLT1	PanelApp	Strong
DM1_DMPK	criTRia	Definitive
DM1_DMPK	G2P	Definitive
DM1_DMPK	Labcorp	Strong
DM2_CNBP	criTRia	Definitive
DM2_CNBP	G2P	Definitive
DM2_CNBP	Labcorp	Strong
DM2_CNBP	Orphanet	Supportive
DMD_DMD	criTRia	Contradictory
DMD_DMD	Ambry	Definitive
DMD_DMD	ClinGen	Definitive
DMD_DMD	G2P	Definitive
DMD_DMD	Labcorp	Strong
DMD_DMD	Myriad	Definitive
DMD_DMD	Orphanet	Supportive
DMD_DMD	PanelApp	Strong
DRPLA_ATN1	criTRia	Definitive
DRPLA_ATN1	ClinGen	Definitive
DRPLA_ATN1	Labcorp	Strong
DRPLA_ATN1	Orphanet	Supportive
EIEE1_ARX	criTRia	Definitive
EIEE1_ARX	ClinGen	Definitive
EIEE1_ARX	Orphanet	Supportive
EIEE1_ARX	PanelApp	Strong
EPM_CSNK1E	criTRia	Limited
FAME1_SAMD12	criTRia	Definitive
FAME1_SAMD12	Labcorp	Strong
FAME1_SAMD12	Orphanet	Supportive
FAME1_SAMD12	PanelApp	Limited
FAME2_STARD7	criTRia	Strong
FAME2_STARD7	PanelApp	Limited
FAME3_MARCHF6	criTRia	Definitive
FAME3_MARCHF6	Orphanet	Supportive
FAME4_YEATS2	criTRia	Limited
FAME4_YEATS2	Orphanet	Supportive
FAME4_YEATS2	PanelApp	Limited
FAME6_TNRC6A	criTRia	Limited
FAME6_TNRC6A	Labcorp	Limited
FAME6_TNRC6A	PanelApp	Limited
FAME7_RAPGEF2	criTRia	Limited
FAME7_RAPGEF2	Labcorp	Limited
FAME8_RAI1	criTRia	Limited
FECD3_TCF4	criTRia	Definitive
FECD3_TCF4	G2P	Strong
FECD3_TCF4	Orphanet	Supportive
FRA12A_DIP2B	criTRia	Moderate
FRA12A_DIP2B	Ambry	Limited
FRA12A_DIP2B	G2P	Limited
FRA12A_DIP2B	Labcorp	No Known
FRA2A_AFF3	criTRia	Definitive
FRA2A_AFF3	G2P	Strong
FRA2A_AFF3	Labcorp	Strong
FRA2A_AFF3	PanelApp	Strong
FRA7A_ZNF713	criTRia	Limited
FXS_FMR1	criTRia	Definitive
FXS_FMR1	Ambry	Definitive
FXS_FMR1	ClinGen	Definitive
FXS_FMR1	G2P	Definitive
FXS_FMR1	Labcorp	Strong
FXS_FMR1	Myriad	Definitive
FXS_FMR1	Orphanet	Supportive
FXS_FMR1	PanelApp	Strong
FXTAS,POF1_FMR1	criTRia	Definitive
FXTAS,POF1_FMR1	Ambry	Strong
FXTAS,POF1_FMR1	G2P	Definitive
FXTAS,POF1_FMR1	Labcorp	Strong
FXTAS,POF1_FMR1	Orphanet	Supportive
HDL2_JPH3	criTRia	Definitive
HDL2_JPH3	Ambry	Definitive
HDL2_JPH3	Labcorp	Strong
HDL2_JPH3	Orphanet	Supportive
HFG_HOXA13-I	criTRia	Limited
HFG_HOXA13-I	Ambry	Moderate
HFG_HOXA13-I	ClinGen	Definitive
HFG_HOXA13-I	G2P	Definitive
HFG_HOXA13-I	Labcorp	Strong
HFG_HOXA13-I	Orphanet	Supportive
HFG_HOXA13-I	PanelApp	Strong
HFG_HOXA13-II	criTRia	Limited
HFG_HOXA13-II	Ambry	Moderate
HFG_HOXA13-II	ClinGen	Definitive
HFG_HOXA13-II	G2P	Definitive
HFG_HOXA13-II	Labcorp	Strong
HFG_HOXA13-II	Orphanet	Supportive
HFG_HOXA13-II	PanelApp	Strong
HFG_HOXA13-III	criTRia	Limited
HFG_HOXA13-III	Ambry	Moderate
HFG_HOXA13-III	ClinGen	Definitive
HFG_HOXA13-III	G2P	Definitive
HFG_HOXA13-III	Labcorp	Strong
HFG_HOXA13-III	Orphanet	Supportive
HFG_HOXA13-III	PanelApp	Strong
HMNR7_VWA1	criTRia	Definitive
HMNR7_VWA1	Labcorp	Strong
HMNR7_VWA1	Orphanet	Supportive
HMNR7_VWA1	PanelApp	Strong
HPE5_ZIC2	criTRia	Definitive
HPE5_ZIC2	Ambry	Definitive
HPE5_ZIC2	G2P	Definitive
HPE5_ZIC2	Labcorp	Strong
HPE5_ZIC2	PanelApp	Strong
HSAN-VIII_PRDM12	criTRia	Moderate
HSAN-VIII_PRDM12	G2P	Definitive
HSAN-VIII_PRDM12	Illumina	Definitive
HSAN-VIII_PRDM12	Labcorp	Strong
HSAN-VIII_PRDM12	Orphanet	Supportive
HSAN-VIII_PRDM12	PanelApp	Strong
JBS_CBL	criTRia	Definitive
MRUPAV_PLIN4	criTRia	Moderate
MRUPAV_PLIN4	Ambry	Moderate
NIID_NOTCH2NLC	criTRia	Definitive
NME_NAXE	criTRia	Limited
NME_NAXE	ClinGen	Definitive
NME_NAXE	G2P	Strong
NME_NAXE	PanelApp	Strong
OPDM1_LRP12	criTRia	Strong
OPDM1_LRP12	Ambry	Strong
OPDM1_LRP12	ClinGen	Moderate
OPDM2_GIPC1	criTRia	Definitive
OPDM2_GIPC1	Labcorp	Strong
OPDM2_GIPC1	Orphanet	Supportive
OPDM2_GIPC1	PanelApp	Limited
OPDM4_RILPL1	criTRia	Moderate
OPDM4_RILPL1	Ambry	Limited
OPDM5_ABCD3	criTRia	Moderate
OPMD_PABPN1	criTRia	Definitive
OPMD_PABPN1	Ambry	Definitive
OPMD_PABPN1	Labcorp	Strong
OPMD_PABPN1	Orphanet	Supportive
OPMD_PABPN1	PanelApp	Strong
OPML1_NUTM2B_AS1	criTRia	Moderate
PRTS_ARX	criTRia	Definitive
PRTS_ARX	Orphanet	Supportive
RCPS_EIF4A3	criTRia	Definitive
RCPS_EIF4A3	Ambry	Moderate
RCPS_EIF4A3	G2P	Definitive
RCPS_EIF4A3	Labcorp	Strong
RCPS_EIF4A3	Orphanet	Supportive
RCPS_EIF4A3	PanelApp	Strong
SCA10_ATXN10	criTRia	Definitive
SCA10_ATXN10	Labcorp	Strong
SCA10_ATXN10	Orphanet	Supportive
SCA12_PPP2R2B	criTRia	Moderate
SCA12_PPP2R2B	Ambry	Moderate
SCA12_PPP2R2B	Labcorp	Strong
SCA12_PPP2R2B	Orphanet	Supportive
SCA17_TBP	criTRia	Definitive
SCA17_TBP	Ambry	Strong
SCA17_TBP	Lab MM	Definitive
SCA17_TBP	Labcorp	Strong
SCA17_TBP	Orphanet	Supportive
SCA1_ATXN1	criTRia	Definitive
SCA1_ATXN1	Ambry	Moderate
SCA1_ATXN1	Labcorp	Strong
SCA1_ATXN1	Orphanet	Supportive
SCA27B_FGF14	criTRia	Definitive
SCA31_BEAN1	criTRia	Definitive
SCA31_BEAN1	Ambry	Limited
SCA31_BEAN1	Labcorp	Strong
SCA31_BEAN1	Orphanet	Supportive
SCA36_NOP56	criTRia	Definitive
SCA36_NOP56	Ambry	Definitive
SCA36_NOP56	Labcorp	Strong
SCA36_NOP56	Orphanet	Supportive
SCA37_DAB1	criTRia	Strong
SCA37_DAB1	Labcorp	Limited
SCA37_DAB1	Orphanet	Supportive
SCA37_DAB1	PanelApp	Strong
SCA3_ATXN3	criTRia	Definitive
SCA3_ATXN3	Ambry	Strong
SCA3_ATXN3	Lab MM	Definitive
SCA3_ATXN3	Labcorp	Strong
SCA3_ATXN3	Orphanet	Supportive
SCA4_ZFHX3	criTRia	Definitive
SCA4_ZFHX3	Ambry	Moderate
SCA4_ZFHX3	PanelApp	Strong
SCA51_THAP11	criTRia	Definitive
SCA6_CACNA1A	criTRia	Definitive
SCA6_CACNA1A	Ambry	Strong
SCA6_CACNA1A	Labcorp	Strong
SCA6_CACNA1A	Orphanet	Supportive
SCA6_CACNA1A	PanelApp	Strong
SCA7_ATXN7	criTRia	Definitive
SCA7_ATXN7	Ambry	Moderate
SCA7_ATXN7	G2P	Definitive
SCA7_ATXN7	Labcorp	Strong
SCA7_ATXN7	Orphanet	Supportive
SCA8_ATXN8OS	criTRia	Definitive
SCA8_ATXN8OS	Ambry	Moderate
SD5_HOXD13	criTRia	Definitive
SD5_HOXD13	G2P	Definitive
SD5_HOXD13	Lab MM	Strong
SD5_HOXD13	Labcorp	Strong
SD5_HOXD13	Orphanet	Supportive
SD5_HOXD13	PanelApp	Strong
TOF_TBX1	criTRia	Limited
TOF_TBX1	Ambry	Definitive
TOF_TBX1	Labcorp	Strong
VACTERLX_ZIC3	criTRia	Limited
VACTERLX_ZIC3	Ambry	Moderate
VACTERLX_ZIC3	G2P	Definitive
VACTERLX_ZIC3	PanelApp	Strong
XDP_TAF1	criTRia	Definitive
XDP_TAF1	Ambry	Strong
XDP_TAF1	Labcorp	Limited
XDP_TAF1	Orphanet	Supportive
XDP_TAF1	PanelApp	Strong
XLID_SOX3	criTRia	Limited
XLID_SOX3	Ambry	Limited
XLID_SOX3	ClinGen	Moderate
XLID_SOX3	G2P	Definitive
XLID_SOX3	Labcorp	Strong
XLID_SOX3	Orphanet	Supportive
XLID_SOX3	PanelApp	Limited
