Gene	Locus_ID	Disease_Phenotype	GenCC_Scores	criTRia_Classification	Conflict_vs_criTRia	Conflict_within_GenCC	Total_Score	Genetic_Score	Experimental_Score	Discordance_Scenario	Rationale
BEAN1	SCA31_BEAN1	SCA31	Ambry: Limited; Labcorp: Strong; Orphanet: Supportive	Definitive	TRUE	TRUE	12	9	3	Complex Pentanucleotide Insertion vs. Ambry Limited	BEAN1 intronic complex pentanucleotide insertion is Definitive for SCA31 (criTRia: Definitive, Labcorp: Strong), whereas Ambry classified it as Limited.
DAB1	SCA37_DAB1	SCA37	Labcorp: Limited; Orphanet: Supportive; PanelApp: Strong	Strong	TRUE	TRUE	13	8.5	4.5	Noncoding Pentanucleotide Insertion vs. Labcorp Limited	DAB1 intronic ATTTC insertion is Strong in criTRia and PanelApp with animal models and segregation, but Labcorp classified it as Limited.
DMD	DMD_DMD	DMD	Ambry: Definitive; ClinGen: Definitive; G2P: Definitive; Labcorp: Strong; Myriad: Definitive; Orphanet: Supportive; PanelApp: Strong	Contradictory	TRUE	FALSE	0	0	0	Locus vs. Gene Discordance (LoF vs. Non-pathogenic Repeat)	DMD loss-of-function SNVs/deletions are Definitive causes of Duchenne/Becker muscular dystrophy in GenCC, but the specific intronic GAA repeat expansion is Refuted / Contradictory due to high allele frequency in healthy population controls.
GIPC1	OPDM2_GIPC1	OPDM2	Labcorp: Strong; Orphanet: Supportive; PanelApp: Limited	Definitive	TRUE	TRUE	15.5	9.5	6	Recently Identified TR Locus vs. PanelApp Limited	GIPC1 5' UTR CGG expansion is Definitively established for OPDM2 with strong cohort and functional rescue data (criTRia: Definitive, Labcorp: Strong), whereas PanelApp assigned Limited.
HOXA13	HFG_HOXA13-I	HFG-I	Ambry: Moderate; ClinGen: Definitive; G2P: Definitive; Labcorp: Strong; Orphanet: Supportive; PanelApp: Strong	Limited	TRUE	FALSE	3.5	0	3.5	Gene-Level Definitive vs. Specific Polyalanine Tract Locus Resolution	HOXA13 gene disruptions are Definitive for Hand-Foot-Genital syndrome, but criTRia curates each individual polyalanine tract separately; this specific tract (HFG-I) currently has Limited published proband/family replication.
HOXA13	HFG_HOXA13-II	HFG-II	Ambry: Moderate; ClinGen: Definitive; G2P: Definitive; Labcorp: Strong; Orphanet: Supportive; PanelApp: Strong	Limited	TRUE	FALSE	5.5	3	2.5	Gene-Level Definitive vs. Specific Polyalanine Tract Locus Resolution	HOXA13 gene disruptions are Definitive for Hand-Foot-Genital syndrome, but criTRia curates each individual polyalanine tract separately; this specific tract (HFG-II) currently has Limited published proband/family replication.
HOXA13	HFG_HOXA13-III	HFG-III	Ambry: Moderate; ClinGen: Definitive; G2P: Definitive; Labcorp: Strong; Orphanet: Supportive; PanelApp: Strong	Limited	TRUE	FALSE	4.5	2	2.5	Gene-Level Definitive vs. Specific Polyalanine Tract Locus Resolution	HOXA13 gene disruptions are Definitive for Hand-Foot-Genital syndrome, but criTRia curates each individual polyalanine tract separately; this specific tract (HFG-III) currently has Limited published proband/family replication.
NAXE	NME_NAXE	NME	ClinGen: Definitive; G2P: Strong; PanelApp: Strong	Limited	TRUE	FALSE	5	2	3	Gene-Level Definitive vs. Single-Patient TR Locus Expansion	NAXE coding LoF mutations are Definitive/Strong for autosomal recessive mitochondrial neurometabolic encephalopathy, whereas the biallelic promoter GGGCC expansion has only been reported in a single proband to date, yielding Limited locus evidence in criTRia.
POLG	CPEO_POLG	CPEO	Ambry: Definitive; G2P: Definitive; Labcorp: Strong; Orphanet: Supportive; PanelApp: Strong	Contradictory	TRUE	FALSE	7	6	1	Locus vs. Gene Discordance (Coding SNV vs. Disputed Repeat)	POLG point mutations and deletions are Definitive causes of progressive external ophthalmoplegia (CPEO), but evidence for the noncoding/CAG repeat causing CPEO is disputed/lacking locus-specific causality.
RILPL1	OPDM4_RILPL1	OPDM4	Ambry: Limited	Moderate	TRUE	FALSE	10	7.5	2.5	Recently Identified TR Locus vs. External Uncurated/Limited	RILPL1 5' UTR CGG expansion is Moderate in criTRia with multiple families and characteristic pathology, but Ambry evaluated it as Limited.
SAMD12	FAME1_SAMD12	FAME1	Labcorp: Strong; Orphanet: Supportive; PanelApp: Limited	Definitive	TRUE	TRUE	11.5	10	1.5	Emerging TR Mechanism vs. Lagging Clinical Panel Inclusion	SAMD12 intronic repeat expansions are an established cause of familial adult myoclonic epilepsy type 1 (criTRia: Definitive; Labcorp: Strong), but PanelApp classified the relationship as Limited.
SOX3	XLID_SOX3	XLID, PHPX	Ambry: Limited; ClinGen: Moderate; G2P: Definitive; Labcorp: Strong; Orphanet: Supportive; PanelApp: Limited	Limited	TRUE	TRUE	5	3	2	Gene-Level Strong/Definitive vs. Variable/Limited Locus Evidence & Submitter Discordance	GenCC submitters disagree on SOX3 for X-linked hypopituitarism with or without intellectual disability (G2P: Definitive; Labcorp: Strong; ClinGen: Moderate; Ambry and PanelApp: Limited), whereas criTRia classifies the polyalanine repeat expansion as Limited (5.0 points) based on a small number of case reports.
STARD7	FAME2_STARD7	FAME2	PanelApp: Limited	Strong	TRUE	FALSE	12	12	0	Emerging TR Mechanism vs. Lagging Clinical Panel Inclusion	STARD7 intronic repeat expansions are an established cause of familial adult myoclonic epilepsy type 2 (criTRia: Strong), but PanelApp, the only GenCC submitter, classified the relationship as Limited.
TAF1	XDP_TAF1	XDP	Ambry: Strong; Labcorp: Limited; Orphanet: Supportive; PanelApp: Strong	Definitive	TRUE	TRUE	13.5	9.5	4	TR Locus vs. Submitter Outlier Assessment	The TAF1 SVA retrotransposon hexamer expansion is the established cause of X-linked dystonia-parkinsonism (criTRia: Definitive; Ambry and PanelApp: Strong), but Labcorp classified the relationship as Limited.
TBX1	TOF_TBX1	TOF	Ambry: Definitive; Labcorp: Strong	Limited	TRUE	FALSE	2	1	1	Gene-Level Definitive vs. Rare Single-Proband TR Locus	TBX1 is Definitively associated with conotruncal heart defects (Ambry: Definitive, Labcorp: Strong), but the specific polyalanine expansion locus was observed in only one ToF proband, classified as Limited in criTRia.
ZIC3	VACTERLX_ZIC3	VACTERLX	Ambry: Moderate; G2P: Definitive; PanelApp: Strong	Limited	TRUE	FALSE	3.5	3.5	0	Gene-Level Definitive/Strong vs. Limited Polyalanine Locus Evidence	ZIC3 gene disruptions are Definitive/Strong for X-linked VACTERL association across external groups (G2P: Definitive, PanelApp: Strong, Ambry: Moderate), whereas evidence specifically for the N-terminal polyalanine tract expansion is Limited.
